{"cameraMode":{"drawMode":0,"name":"Shaded","section":"Shading Mode"},"sceneLighting":false,"audioPlay":false,"sceneViewState":{"m_AlwaysRefresh":false,"showFog":true,"showSkybox":false,"showFlares":true,"showImageEffects":true,"showParticleSystems":true,"showVisualEffectGraphs":true,"m_FxEnabled":true},"in2DMode":false,"pivot":{"x":0.02696072682738304,"y":0.12519073486328126,"z":-1.2264761924743653},"rotation":{"x":-0.003901936113834381,"y":-0.7565057277679443,"z":0.653939962387085,"w":-0.004489233251661062},"size":7.088723659515381,"orthographic":false}