{"cameraMode":{"drawMode":0,"name":"Shaded","section":"Shading Mode"},"sceneLighting":false,"audioPlay":false,"sceneViewState":{"m_AlwaysRefresh":false,"showFog":true,"showSkybox":false,"showFlares":true,"showImageEffects":true,"showParticleSystems":true,"showVisualEffectGraphs":true,"m_FxEnabled":true},"in2DMode":false,"pivot":{"x":0.2622213363647461,"y":-0.2232574075460434,"z":-0.15709178149700166},"rotation":{"x":-0.008143906481564045,"y":0.9754005074501038,"z":-0.036594223231077197,"w":-0.21709613502025605},"size":1.962533712387085,"orthographic":true}